,微博正文,点赞数,转发数,评论数,附图,附链接,TAG,明星,清洗正文,正文
0,我又来兑现点点了#微博综艺大赏#的💰收到了！一共是4个比赛，共收到4000，全部养点子了！1.#明星第一次上综艺的样子#，第一名，20002.#明星在综艺里能多有梗#，第三名，10003.#综艺里的高能游戏环节#，第四名，5004.#2020综艺神级舞台#，第七名，500感谢所有帮忙转赞评的虾虾！你们辛苦啦！以后继续一起加油！给哥哥最好的！[组图共13张]原图,5097,403,1117,"<re.Match object; span=(171, 181), match='[组图共13张]原图'>",[],"['微博综艺大赏', '明星第一次上综艺的样子', '明星在综艺里能多有梗', '综艺里的高能游戏环节', '2020综艺神级舞台']",[],我又来兑现点点了的💰收到了！一共是4个比赛，共收到4000，全部养点子了！1.，第一名，20002.，第三名，10003.，第四名，5004.，第七名，500感谢所有帮忙转赞评的虾虾！你们辛苦啦！以后继续一起加油！给哥哥最好的！,我又来兑现点点了的💰收到了！一共是4个比赛，共收到4000，全部养点子了！1.，第一名，20002.，第三名，10003.，第四名，5004.，第七名，500感谢所有帮忙转赞评的虾虾！你们辛苦啦！以后继续一起加油！给哥哥最好的！
1,#肖战[超话]#我又又又又来兑现点点了比赛的💰收到了！已经全部养完点子了！感谢所有帮忙转赞评的虾虾！你们辛苦啦！以后继续一起加油！[组图共4张]原图,1974,91,472,"<re.Match object; span=(65, 74), match='[组图共4张]原图'>",[],['肖战[超话]'],[],我又又又又来兑现点点了比赛的💰收到了！已经全部养完点子了！感谢所有帮忙转赞评的虾虾！你们辛苦啦！以后继续一起加油！,我又又又又来兑现点点了比赛的💰收到了！已经全部养完点子了！感谢所有帮忙转赞评的虾虾！你们辛苦啦！以后继续一起加油！
3,比赛养点子！！！第一名马上要被别家超了http://t.cn/A6t16Zg7辛苦大家，到原博多评论多点赞！！！原图,360,65,114,"<re.Match object; span=(56, 58), match='原图'>",['http://t.cn/A6t16Zg7'],[],[],比赛养点子！！！第一名马上要被别家超了辛苦大家，到原博多评论多点赞！！！,比赛养点子！！！第一名马上要被别家超了辛苦大家，到原博多评论多点赞！！！
4,掉🔥门了！求5000个兔兔，救救孩子原图,1146,40,5473,"<re.Match object; span=(18, 20), match='原图'>",[],[],[],掉🔥门了！求5000个兔兔，救救孩子,掉🔥门了！求5000个兔兔，救救孩子
5,我喜欢肖战肖战好帅肖战演技好肖战唱歌好听肖战作品好看期待肖战余生请多指教期待肖战顾魏肖战粉丝支持肖战代言支持肖战影视综艺肖战斗罗大陆肖战唐三肖战平平安安顺顺利利健健康康（养🐭）032108[组图共9张]原图,176,0,93,"<re.Match object; span=(94, 103), match='[组图共9张]原图'>",[],[],[],我喜欢肖战肖战好帅肖战演技好肖战唱歌好听肖战作品好看期待肖战余生请多指教期待肖战顾魏肖战粉丝支持肖战代言支持肖战影视综艺肖战斗罗大陆肖战唐三肖战平平安安顺顺利利健健康康（养🐭）032108,我喜欢肖战肖战好帅肖战演技好肖战唱歌好听肖战作品好看期待肖战余生请多指教期待肖战顾魏肖战粉丝支持肖战代言支持肖战影视综艺肖战斗罗大陆肖战唐三肖战平平安安顺顺利利健健康康（养🐭）032108
7,我喜欢肖战肖战好帅肖战演技好肖战唱歌好听肖战作品好看期待肖战余生请多指教期待肖战顾魏肖战粉丝支持肖战代言支持肖战影视综艺肖战斗罗大陆肖战唐三肖战平平安安顺顺利利健健康康（养🐭）032107[组图共9张]原图,100,2,39,"<re.Match object; span=(94, 103), match='[组图共9张]原图'>",[],[],[],我喜欢肖战肖战好帅肖战演技好肖战唱歌好听肖战作品好看期待肖战余生请多指教期待肖战顾魏肖战粉丝支持肖战代言支持肖战影视综艺肖战斗罗大陆肖战唐三肖战平平安安顺顺利利健健康康（养🐭）032107,我喜欢肖战肖战好帅肖战演技好肖战唱歌好听肖战作品好看期待肖战余生请多指教期待肖战顾魏肖战粉丝支持肖战代言支持肖战影视综艺肖战斗罗大陆肖战唐三肖战平平安安顺顺利利健健康康（养🐭）032107
10,我喜欢肖战肖战好帅肖战演技好肖战唱歌好听肖战作品好看期待肖战余生请多指教期待肖战顾魏肖战粉丝支持肖战代言支持肖战影视综艺肖战斗罗大陆肖战唐三肖战平平安安顺顺利利健健康康（养🐭）032022[组图共9张]原图,80,1,34,"<re.Match object; span=(94, 103), match='[组图共9张]原图'>",[],[],[],我喜欢肖战肖战好帅肖战演技好肖战唱歌好听肖战作品好看期待肖战余生请多指教期待肖战顾魏肖战粉丝支持肖战代言支持肖战影视综艺肖战斗罗大陆肖战唐三肖战平平安安顺顺利利健健康康（养🐭）032022,我喜欢肖战肖战好帅肖战演技好肖战唱歌好听肖战作品好看期待肖战余生请多指教期待肖战顾魏肖战粉丝支持肖战代言支持肖战影视综艺肖战斗罗大陆肖战唐三肖战平平安安顺顺利利健健康康（养🐭）032022
11,千转，压黑！！！http://t.cn/A6tdRgO3原图,87,37,6,"<re.Match object; span=(28, 30), match='原图'>",['http://t.cn/A6tdRgO3'],[],[],千转，压黑！！！,千转，压黑！！！
13,热门，压黑http://t.cn/A6tdTals原图,48,9,10,"<re.Match object; span=(25, 27), match='原图'>",['http://t.cn/A6tdTals'],[],[],热门，压黑,热门，压黑
15,大名广场不干净，投票转发净化，每个选项投一遍，四个都要选http://t.cn/A6tdYqzw[组图共2张]原图,37,8,22,"<re.Match object; span=(48, 57), match='[组图共2张]原图'>",['http://t.cn/A6tdYqzw'],[],[],大名广场不干净，投票转发净化，每个选项投一遍，四个都要选,大名广场不干净，投票转发净化，每个选项投一遍，四个都要选
